-- 002_seed_baseline.sql
-- Baseline seed data for dev/stage experimentation.
-- Safe to run on empty DB (intended for db:reset) and uses stable UUIDs.

-- Fiscal calendar config (default 4-4-5 x4, Mon-Sun, extra week -> P12)
INSERT INTO fiscal_calendar_config (
  id,
  week_start_day,
  fy_anchor_date,
  period_pattern,
  extra_week_default_period
) VALUES (
  '11111111-1111-1111-1111-111111111111',
  'MON',
  NULL,
  '4-4-5-4-4-5-4-4-5-4-4-5',
  'P12'
);

-- Retailers
INSERT INTO retailer (id, name) VALUES
  ('22222222-2222-2222-2222-222222222222', 'Publix'),
  ('33333333-3333-3333-3333-333333333333', 'Kroger');

-- Divisions (sample)
INSERT INTO division (id, retailer_id, name) VALUES
  ('44444444-4444-4444-4444-444444444444', '22222222-2222-2222-2222-222222222222', 'Atlanta Division'),
  ('55555555-5555-5555-5555-555555555555', '22222222-2222-2222-2222-222222222222', 'Florida Division'),
  ('66666666-6666-6666-6666-666666666666', '33333333-3333-3333-3333-333333333333', 'Cincinnati Division'),
  ('77777777-7777-7777-7777-777777777777', '33333333-3333-3333-3333-333333333333', 'Atlanta Division');

-- Promo types (sample / placeholders; admin can edit/add)
INSERT INTO promo_type (id, code, name, description) VALUES
  ('88888888-8888-8888-8888-888888888888', 'FRONTLINE', 'Frontline', 'Base pricing / non-promoted baseline volume'),
  ('99999999-9999-9999-9999-999999999999', '10FOR10', '10/$10', '10 units for $10 promo mechanic'),
  ('aaaaaaaa-aaaa-aaaa-aaaa-aaaaaaaaaaaa', 'B2G1', 'Buy 2 Get 1', 'Buy 2 Get 1 promo mechanic'),
  ('bbbbbbbb-bbbb-bbbb-bbbb-bbbbbbbbbbbb', 'SCANBACK', 'Scan Back', 'Scan-based discount / billback mechanic');

-- Promo type applicability (sample: allow all promo types for seeded divisions)
INSERT INTO promo_type_applicability (id, retailer_id, division_id, promo_type_id) VALUES
  ('cccccccc-0000-0000-0000-000000000001', '22222222-2222-2222-2222-222222222222', '44444444-4444-4444-4444-444444444444', '88888888-8888-8888-8888-888888888888'),
  ('cccccccc-0000-0000-0000-000000000002', '22222222-2222-2222-2222-222222222222', '44444444-4444-4444-4444-444444444444', '99999999-9999-9999-9999-999999999999'),
  ('cccccccc-0000-0000-0000-000000000003', '22222222-2222-2222-2222-222222222222', '44444444-4444-4444-4444-444444444444', 'aaaaaaaa-aaaa-aaaa-aaaa-aaaaaaaaaaaa'),
  ('cccccccc-0000-0000-0000-000000000004', '22222222-2222-2222-2222-222222222222', '44444444-4444-4444-4444-444444444444', 'bbbbbbbb-bbbb-bbbb-bbbb-bbbbbbbbbbbb'),

  ('cccccccc-0000-0000-0000-000000000005', '22222222-2222-2222-2222-222222222222', '55555555-5555-5555-5555-555555555555', '88888888-8888-8888-8888-888888888888'),
  ('cccccccc-0000-0000-0000-000000000006', '22222222-2222-2222-2222-222222222222', '55555555-5555-5555-5555-555555555555', '99999999-9999-9999-9999-999999999999'),
  ('cccccccc-0000-0000-0000-000000000007', '22222222-2222-2222-2222-222222222222', '55555555-5555-5555-5555-555555555555', 'aaaaaaaa-aaaa-aaaa-aaaa-aaaaaaaaaaaa'),
  ('cccccccc-0000-0000-0000-000000000008', '22222222-2222-2222-2222-222222222222', '55555555-5555-5555-5555-555555555555', 'bbbbbbbb-bbbb-bbbb-bbbb-bbbbbbbbbbbb'),

  ('cccccccc-0000-0000-0000-000000000009', '33333333-3333-3333-3333-333333333333', '66666666-6666-6666-6666-666666666666', '88888888-8888-8888-8888-888888888888'),
  ('cccccccc-0000-0000-0000-000000000010', '33333333-3333-3333-3333-333333333333', '66666666-6666-6666-6666-666666666666', '99999999-9999-9999-9999-999999999999'),
  ('cccccccc-0000-0000-0000-000000000011', '33333333-3333-3333-3333-333333333333', '66666666-6666-6666-6666-666666666666', 'aaaaaaaa-aaaa-aaaa-aaaa-aaaaaaaaaaaa'),
  ('cccccccc-0000-0000-0000-000000000012', '33333333-3333-3333-3333-333333333333', '66666666-6666-6666-6666-666666666666', 'bbbbbbbb-bbbb-bbbb-bbbb-bbbbbbbbbbbb'),

  ('cccccccc-0000-0000-0000-000000000013', '33333333-3333-3333-3333-333333333333', '77777777-7777-7777-7777-777777777777', '88888888-8888-8888-8888-888888888888'),
  ('cccccccc-0000-0000-0000-000000000014', '33333333-3333-3333-3333-333333333333', '77777777-7777-7777-7777-777777777777', '99999999-9999-9999-9999-999999999999'),
  ('cccccccc-0000-0000-0000-000000000015', '33333333-3333-3333-3333-333333333333', '77777777-7777-7777-7777-777777777777', 'aaaaaaaa-aaaa-aaaa-aaaa-aaaaaaaaaaaa'),
  ('cccccccc-0000-0000-0000-000000000016', '33333333-3333-3333-3333-333333333333', '77777777-7777-7777-7777-777777777777', 'bbbbbbbb-bbbb-bbbb-bbbb-bbbbbbbbbbbb');

